-- Historic temperature data that can be used during development

-- Rooms
INSERT INTO room
	(name, description)
VALUES
	('Room 1', 'This is test room 1'),
	('Room 2', 'This is test room 2'),
	('Room 3', 'This is test room 3');

-- Sensors
INSERT INTO sensor
	(room_id, name, sensor_type)
VALUES
	(1, 'R1TE1', 'TE'),
	(2, 'R2TE1', 'TE'),
	(3, 'R3TE1', 'TE');

-- Temperature data
INSERT INTO temperature
	(sensor_id, data, timestamp)
VALUES
	(3, 27.89, FROM_UNIXTIME(1444784736)),
	(1, 25.45, FROM_UNIXTIME(1444788636)),
	(2, 25.45, FROM_UNIXTIME(1444788636)),
	(3, 23.87, FROM_UNIXTIME(1444792235)),
	(2, 23.87, FROM_UNIXTIME(1444792235)),
	(1, 22.42, FROM_UNIXTIME(1444795450)),
	(2, 22.42, FROM_UNIXTIME(1444795450)),
	(3, 20.84, FROM_UNIXTIME(1444799135)),
	(2, 20.84, FROM_UNIXTIME(1444799135)),
	(1, 5.54, FROM_UNIXTIME(1446039163)),
	(3, 5.54, FROM_UNIXTIME(1446039163)),
	(2, 5.54, FROM_UNIXTIME(1446042803)),
	(1, 5.54, FROM_UNIXTIME(1446042803)),
	(3, 5.54, FROM_UNIXTIME(1446046492)),
	(2, 5.54, FROM_UNIXTIME(1446046492)),
	(3, 11.5, FROM_UNIXTIME(1446048000)),
	(1, 11.5, FROM_UNIXTIME(1446048000)),
	(3, 15.57, FROM_UNIXTIME(1446053309)),
	(3, 15.57, FROM_UNIXTIME(1446057025)),
	(1, 22.04, FROM_UNIXTIME(1446060789)),
	(3, 22.04, FROM_UNIXTIME(1446060789)),
	(2, 22.04, FROM_UNIXTIME(1446064494)),
	(1, 22.04, FROM_UNIXTIME(1446064494)),
	(2, 22.04, FROM_UNIXTIME(1446067516)),
	(2, 22.04, FROM_UNIXTIME(1446071170)),
	(1, 22.04, FROM_UNIXTIME(1446071170)),
	(1, 20, FROM_UNIXTIME(1446074855)),
	(2, 20, FROM_UNIXTIME(1446074855)),
	(1, 20, FROM_UNIXTIME(1446078524)),
	(3, 20, FROM_UNIXTIME(1446078524)),
	(3, 13.71, FROM_UNIXTIME(1446082252)),
	(1, 13.71, FROM_UNIXTIME(1446082252)),
	(3, 13.71, FROM_UNIXTIME(1446085912)),
	(1, 13.71, FROM_UNIXTIME(1446085912)),
	(2, 8.52, FROM_UNIXTIME(1450047600)),
	(1, 8.52, FROM_UNIXTIME(1450047600)),
	(1, 7.94, FROM_UNIXTIME(1450051980)),
	(2, 7.94, FROM_UNIXTIME(1450051980)),
	(2, 8.13, FROM_UNIXTIME(1450054800)),
	(1, 8.13, FROM_UNIXTIME(1450054800)),
	(1, 8.13, FROM_UNIXTIME(1450058400)),
	(2, 8.13, FROM_UNIXTIME(1450058400)),
	(3, 8.13, FROM_UNIXTIME(1450058400)),
	(2, 8.41, FROM_UNIXTIME(1450062000)),
	(3, 8.41, FROM_UNIXTIME(1450062000)),
	(1, 8.41, FROM_UNIXTIME(1450062000)),
	(1, 8.8, FROM_UNIXTIME(1450066440)),
	(2, 8.8, FROM_UNIXTIME(1450066440)),
	(3, 8.8, FROM_UNIXTIME(1450066440)),
	(2, 8.8, FROM_UNIXTIME(1450069200)),
	(3, 8.8, FROM_UNIXTIME(1450069200)),
	(1, 8.8, FROM_UNIXTIME(1450069200)),
	(2, 8.5, FROM_UNIXTIME(1450072800)),
	(3, 8.5, FROM_UNIXTIME(1450072800)),
	(1, 8.5, FROM_UNIXTIME(1450072800)),
	(1, 8.8, FROM_UNIXTIME(1450076400)),
	(2, 8.8, FROM_UNIXTIME(1450076400)),
	(3, 8.8, FROM_UNIXTIME(1450076400)),
	(3, 8.8, FROM_UNIXTIME(1450080000)),
	(2, 8.8, FROM_UNIXTIME(1450080000)),
	(1, 8.8, FROM_UNIXTIME(1450080000)),
	(1, 8.7, FROM_UNIXTIME(1450083600)),
	(2, 8.7, FROM_UNIXTIME(1450083600)),
	(2, 8.7, FROM_UNIXTIME(1450087200)),
	(1, 8.7, FROM_UNIXTIME(1450087200)),
	(3, 8.7, FROM_UNIXTIME(1450087200)),
	(3, 8, FROM_UNIXTIME(1450090800)),
	(2, 8, FROM_UNIXTIME(1450090800)),
	(1, 8, FROM_UNIXTIME(1450090800)),
	(1, 7.67, FROM_UNIXTIME(1450094400)),
	(2, 7.67, FROM_UNIXTIME(1450094400)),
	(3, 7.67, FROM_UNIXTIME(1450094400)),
	(3, 7.67, FROM_UNIXTIME(1450098000)),
	(2, 7.67, FROM_UNIXTIME(1450098000)),
	(1, 7.67, FROM_UNIXTIME(1450098000)),
	(2, 7.67, FROM_UNIXTIME(1450101600)),
	(3, 7.67, FROM_UNIXTIME(1450101600)),
	(1, 7.67, FROM_UNIXTIME(1450101600)),
	(2, 8.29, FROM_UNIXTIME(1450105200)),
	(3, 8.29, FROM_UNIXTIME(1450105200)),
	(1, 8.29, FROM_UNIXTIME(1450105200)),
	(2, 7.88, FROM_UNIXTIME(1450108800)),
	(3, 7.88, FROM_UNIXTIME(1450108800)),
	(1, 7.88, FROM_UNIXTIME(1450108800)),
	(2, 8.29, FROM_UNIXTIME(1450112400)),
	(3, 8.29, FROM_UNIXTIME(1450112400)),
	(3, 8.5, FROM_UNIXTIME(1450116000)),
	(2, 8.5, FROM_UNIXTIME(1450116000)),
	(3, 7.82, FROM_UNIXTIME(1450119600)),
	(1, 7.82, FROM_UNIXTIME(1450119600)),
	(2, 7.82, FROM_UNIXTIME(1450119600)),
	(3, 8.5, FROM_UNIXTIME(1450123200)),
	(2, 8.5, FROM_UNIXTIME(1450123200)),
	(1, 8.5, FROM_UNIXTIME(1450123200)),
	(2, 8.75, FROM_UNIXTIME(1450126800)),
	(1, 8.75, FROM_UNIXTIME(1450126800)),
	(2, 8.08, FROM_UNIXTIME(1450130400)),
	(1, 17.8, FROM_UNIXTIME(1453525200)),
	(3, 17.8, FROM_UNIXTIME(1453525200)),
	(2, 17.8, FROM_UNIXTIME(1453525200)),
	(3, 16.66, FROM_UNIXTIME(1453528800)),
	(2, 16.66, FROM_UNIXTIME(1453528800)),
	(1, 16.66, FROM_UNIXTIME(1453528800)),
	(2, 14.57, FROM_UNIXTIME(1453532400)),
	(3, 14.57, FROM_UNIXTIME(1453532400)),
	(1, 14.57, FROM_UNIXTIME(1453532400)),
	(2, 13.33, FROM_UNIXTIME(1453536000)),
	(3, 13.33, FROM_UNIXTIME(1453536000)),
	(1, 13.33, FROM_UNIXTIME(1453536000)),
	(2, 11.98, FROM_UNIXTIME(1453539600)),
	(1, 11.98, FROM_UNIXTIME(1453539600)),
	(3, 11.98, FROM_UNIXTIME(1453539600)),
	(1, 12.61, FROM_UNIXTIME(1453543200)),
	(2, 12.61, FROM_UNIXTIME(1453543200)),
	(3, 12.61, FROM_UNIXTIME(1453543200)),
	(3, 11.49, FROM_UNIXTIME(1453546800)),
	(2, 11.49, FROM_UNIXTIME(1453546800)),
	(1, 11.49, FROM_UNIXTIME(1453546800)),
	(1, 10.73, FROM_UNIXTIME(1453550400)),
	(2, 10.73, FROM_UNIXTIME(1453550400)),
	(3, 10.73, FROM_UNIXTIME(1453550400)),
	(1, 9.27, FROM_UNIXTIME(1453554000)),
	(3, 9.27, FROM_UNIXTIME(1453554000)),
	(2, 9.27, FROM_UNIXTIME(1453554000)),
	(1, 8.47, FROM_UNIXTIME(1453557600)),
	(2, 8.47, FROM_UNIXTIME(1453557600)),
	(3, 8.47, FROM_UNIXTIME(1453557600)),
	(1, 8.17, FROM_UNIXTIME(1453561200)),
	(3, 8.17, FROM_UNIXTIME(1453561200)),
	(2, 8.17, FROM_UNIXTIME(1453561200)),
	(2, 7.83, FROM_UNIXTIME(1453564800)),
	(3, 7.83, FROM_UNIXTIME(1453564800)),
	(1, 7.83, FROM_UNIXTIME(1453564800)),
	(1, 9.36, FROM_UNIXTIME(1453568400)),
	(3, 9.36, FROM_UNIXTIME(1453568400)),
	(2, 9.36, FROM_UNIXTIME(1453568400)),
	(2, 6.11, FROM_UNIXTIME(1453777200)),
	(1, 6.11, FROM_UNIXTIME(1453777200)),
	(2, 7.5, FROM_UNIXTIME(1453780800)),
	(3, 7.5, FROM_UNIXTIME(1453780800)),
	(1, 7.01, FROM_UNIXTIME(1453784400)),
	(3, 7.01, FROM_UNIXTIME(1453784400)),
	(2, 7.01, FROM_UNIXTIME(1453784400)),
	(1, 5.83, FROM_UNIXTIME(1453788000)),
	(3, 5.83, FROM_UNIXTIME(1453788000)),
	(2, 5.83, FROM_UNIXTIME(1453788000)),
	(3, 7.61, FROM_UNIXTIME(1453791600)),
	(2, 7.61, FROM_UNIXTIME(1453791600)),
	(1, 7.61, FROM_UNIXTIME(1453791600)),
	(1, 8.75, FROM_UNIXTIME(1453795200)),
	(3, 8.75, FROM_UNIXTIME(1453795200)),
	(1, 9.22, FROM_UNIXTIME(1453798800)),
	(3, 9.22, FROM_UNIXTIME(1453798800)),
	(2, 9.22, FROM_UNIXTIME(1453798800)),
	(3, 11.2, FROM_UNIXTIME(1453802400)),
	(2, 11.2, FROM_UNIXTIME(1453802400)),
	(1, 11.02, FROM_UNIXTIME(1453802400)),
	(1, 12.02, FROM_UNIXTIME(1453806000)),
	(3, 11.36, FROM_UNIXTIME(1453806000)),
	(2, 11.14, FROM_UNIXTIME(1453806000)),
	(1, 11.25, FROM_UNIXTIME(1453809600)),
	(2, 11.24, FROM_UNIXTIME(1453809600)),
	(3, 11.83, FROM_UNIXTIME(1453809600)),
	(3, 19.28, FROM_UNIXTIME(1453863600)),
	(1, 19.4 , FROM_UNIXTIME(1453867200)),
	(2, 18.78, FROM_UNIXTIME(1453867200)),
	(3, 17.65, FROM_UNIXTIME(1453870800)),
	(2, 17.57, FROM_UNIXTIME(1453870800)),
	(2, 18.53, FROM_UNIXTIME(1453874400)),
	(3, 16.96, FROM_UNIXTIME(1453878000)),
	(2, 15.68, FROM_UNIXTIME(1453878000)),
	(2, 14.7, FROM_UNIXTIME(1453881600)),
	(3, 14.74, FROM_UNIXTIME(1453881600)),
	(1, 14.01, FROM_UNIXTIME(1453885200)),
	(2, 13.66, FROM_UNIXTIME(1453885200)),
	(1, 13.61, FROM_UNIXTIME(1453888800)),
	(3, 18.5, FROM_UNIXTIME(1453888800)),
	(1, 12.74, FROM_UNIXTIME(1453892400)),
	(3, 13.07, FROM_UNIXTIME(1453896000)),
	(2, 13.07, FROM_UNIXTIME(1453896000)),
	(2, 13.52, FROM_UNIXTIME(1453899600)),
	(1, 13.52, FROM_UNIXTIME(1453899600)),
	(2, 14.74, FROM_UNIXTIME(1453903200)),
	(3, 14.74, FROM_UNIXTIME(1453903200)),
	(2, 16.5, FROM_UNIXTIME(1453906800)),
	(2, 12.27, FROM_UNIXTIME(1453910400)),
	(1, 12.67, FROM_UNIXTIME(1453910400)),
	(2, 14.86, FROM_UNIXTIME(1453914000)),
	(3, 14.41, FROM_UNIXTIME(1453914000)),
	(1, 16.51, FROM_UNIXTIME(1453917600)),
	(3, 16.8, FROM_UNIXTIME(1453917600)),
	(2, 17.92, FROM_UNIXTIME(1453921200)),
	(1, 18.25, FROM_UNIXTIME(1453921200)),
	(2, 22.12, FROM_UNIXTIME(1453953600)),
	(1, 21.22, FROM_UNIXTIME(1453957200)),
	(2, 21.64, FROM_UNIXTIME(1453960800)),
	(2, 21, FROM_UNIXTIME(1453964400)),
	(1, 21, FROM_UNIXTIME(1453968000)),
	(2, 20.28, FROM_UNIXTIME(1453971600)),
	(1, 19.92, FROM_UNIXTIME(1453975200)),
	(2, 19.42, FROM_UNIXTIME(1453978800)),
	(1, 17, FROM_UNIXTIME(1453982400)),
	(2, 17.49, FROM_UNIXTIME(1453986000)),
	(3, 16.78, FROM_UNIXTIME(1453989600));

-- humidity data
INSERT INTO envirosense.humidity
	(sensor_id, data, timestamp)
VALUES
	(3, 22.00, FROM_UNIXTIME(1444784736)),
	(1, 26.00, FROM_UNIXTIME(1444788636)),
	(3, 26.00, FROM_UNIXTIME(1444788636)),
	(2, 36.00, FROM_UNIXTIME(1444792235)),
	(3, 36.00, FROM_UNIXTIME(1444792235)),
	(1, 29.00, FROM_UNIXTIME(1444795450)),
	(2, 29.00, FROM_UNIXTIME(1444795450)),
	(2, 31.00, FROM_UNIXTIME(1444799135)),
	(3, 31.00, FROM_UNIXTIME(1444799135)),
	(1, 74.00, FROM_UNIXTIME(1446039163)),
	(3, 74.00, FROM_UNIXTIME(1446039163)),
	(1, 74.00, FROM_UNIXTIME(1446042803)),
	(2, 74.00, FROM_UNIXTIME(1446042803)),
	(2, 74.00, FROM_UNIXTIME(1446046492)),
	(3, 74.00, FROM_UNIXTIME(1446046492)),
	(1, 74.00, FROM_UNIXTIME(1446048000)),
	(3, 74.00, FROM_UNIXTIME(1446048000)),
	(3, 59.00, FROM_UNIXTIME(1446053309)),
	(3, 59.00, FROM_UNIXTIME(1446057025)),
	(1, 47.00, FROM_UNIXTIME(1446060789)),
	(3, 47.00, FROM_UNIXTIME(1446060789)),
	(1, 47.00, FROM_UNIXTIME(1446064494)),
	(2, 47.00, FROM_UNIXTIME(1446064494)),
	(2, 47.00, FROM_UNIXTIME(1446067516)),
	(1, 47.00, FROM_UNIXTIME(1446071170)),
	(2, 47.00, FROM_UNIXTIME(1446071170)),
	(1, 57.00, FROM_UNIXTIME(1446074855)),
	(2, 57.00, FROM_UNIXTIME(1446074855)),
	(1, 57.00, FROM_UNIXTIME(1446078524)),
	(3, 57.00, FROM_UNIXTIME(1446078524)),
	(1, 77.00, FROM_UNIXTIME(1446082252)),
	(3, 77.00, FROM_UNIXTIME(1446082252)),
	(1, 77.00, FROM_UNIXTIME(1446085912)),
	(3, 77.00, FROM_UNIXTIME(1446085912)),
	(1, 92.00, FROM_UNIXTIME(1450047600)),
	(2, 92.00, FROM_UNIXTIME(1450047600)),
	(1, 92.00, FROM_UNIXTIME(1450051980)),
	(2, 92.00, FROM_UNIXTIME(1450051980)),
	(1, 92.00, FROM_UNIXTIME(1450054800)),
	(2, 92.00, FROM_UNIXTIME(1450054800)),
	(1, 92.00, FROM_UNIXTIME(1450058400)),
	(2, 92.00, FROM_UNIXTIME(1450058400)),
	(3, 92.00, FROM_UNIXTIME(1450058400)),
	(1, 92.00, FROM_UNIXTIME(1450062000)),
	(2, 92.00, FROM_UNIXTIME(1450062000)),
	(3, 92.00, FROM_UNIXTIME(1450062000)),
	(1, 92.00, FROM_UNIXTIME(1450066440)),
	(2, 92.00, FROM_UNIXTIME(1450066440)),
	(3, 92.00, FROM_UNIXTIME(1450066440)),
	(1, 92.00, FROM_UNIXTIME(1450069200)),
	(2, 92.00, FROM_UNIXTIME(1450069200)),
	(3, 92.00, FROM_UNIXTIME(1450069200)),
	(1, 92.00, FROM_UNIXTIME(1450072800)),
	(2, 92.00, FROM_UNIXTIME(1450072800)),
	(3, 92.00, FROM_UNIXTIME(1450072800)),
	(1, 92.00, FROM_UNIXTIME(1450076400)),
	(2, 92.00, FROM_UNIXTIME(1450076400)),
	(3, 92.00, FROM_UNIXTIME(1450076400)),
	(1, 92.00, FROM_UNIXTIME(1450080000)),
	(2, 92.00, FROM_UNIXTIME(1450080000)),
	(3, 92.00, FROM_UNIXTIME(1450080000)),
	(1, 85.00, FROM_UNIXTIME(1450083600)),
	(2, 85.00, FROM_UNIXTIME(1450083600)),
	(1, 85.00, FROM_UNIXTIME(1450087200)),
	(2, 85.00, FROM_UNIXTIME(1450087200)),
	(3, 85.00, FROM_UNIXTIME(1450087200)),
	(1, 85.00, FROM_UNIXTIME(1450090800)),
	(2, 85.00, FROM_UNIXTIME(1450090800)),
	(3, 85.00, FROM_UNIXTIME(1450090800)),
	(1, 85.00, FROM_UNIXTIME(1450094400)),
	(2, 85.00, FROM_UNIXTIME(1450094400)),
	(3, 85.00, FROM_UNIXTIME(1450094400)),
	(1, 85.00, FROM_UNIXTIME(1450098000)),
	(2, 85.00, FROM_UNIXTIME(1450098000)),
	(3, 85.00, FROM_UNIXTIME(1450098000)),
	(1, 85.00, FROM_UNIXTIME(1450101600)),
	(2, 85.00, FROM_UNIXTIME(1450101600)),
	(3, 85.00, FROM_UNIXTIME(1450101600)),
	(1, 79.00, FROM_UNIXTIME(1450105200)),
	(2, 79.00, FROM_UNIXTIME(1450105200)),
	(3, 79.00, FROM_UNIXTIME(1450105200)),
	(1, 79.00, FROM_UNIXTIME(1450108800)),
	(2, 79.00, FROM_UNIXTIME(1450108800)),
	(3, 79.00, FROM_UNIXTIME(1450108800)),
	(2, 79.00, FROM_UNIXTIME(1450112400)),
	(3, 79.00, FROM_UNIXTIME(1450112400)),
	(2, 79.00, FROM_UNIXTIME(1450116000)),
	(3, 79.00, FROM_UNIXTIME(1450116000)),
	(1, 79.00, FROM_UNIXTIME(1450119600)),
	(2, 79.00, FROM_UNIXTIME(1450119600)),
	(3, 79.00, FROM_UNIXTIME(1450119600)),
	(1, 79.00, FROM_UNIXTIME(1450123200)),
	(2, 79.00, FROM_UNIXTIME(1450123200)),
	(3, 79.00, FROM_UNIXTIME(1450123200)),
	(1, 79.00, FROM_UNIXTIME(1450126800)),
	(2, 79.00, FROM_UNIXTIME(1450126800)),
	(1, 79.00, FROM_UNIXTIME(1450130400)),
	(1, 42.00, FROM_UNIXTIME(1453525200)),
	(2, 42.00, FROM_UNIXTIME(1453525200)),
	(3, 42.00, FROM_UNIXTIME(1453525200)),
	(1, 45.00, FROM_UNIXTIME(1453528800)),
	(2, 45.00, FROM_UNIXTIME(1453528800)),
	(3, 45.00, FROM_UNIXTIME(1453528800)),
	(1, 51.00, FROM_UNIXTIME(1453532400)),
	(2, 51.00, FROM_UNIXTIME(1453532400)),
	(3, 51.00, FROM_UNIXTIME(1453532400)),
	(1, 41.00, FROM_UNIXTIME(1453536000)),
	(2, 41.00, FROM_UNIXTIME(1453536000)),
	(3, 41.00, FROM_UNIXTIME(1453536000)),
	(1, 44.00, FROM_UNIXTIME(1453539600)),
	(2, 44.00, FROM_UNIXTIME(1453539600)),
	(3, 44.00, FROM_UNIXTIME(1453539600)),
	(1, 38.00, FROM_UNIXTIME(1453543200)),
	(2, 38.00, FROM_UNIXTIME(1453543200)),
	(3, 38.00, FROM_UNIXTIME(1453543200)),
	(1, 47.00, FROM_UNIXTIME(1453546800)),
	(2, 47.00, FROM_UNIXTIME(1453546800)),
	(3, 47.00, FROM_UNIXTIME(1453546800)),
	(1, 41.00, FROM_UNIXTIME(1453550400)),
	(2, 41.00, FROM_UNIXTIME(1453550400)),
	(3, 41.00, FROM_UNIXTIME(1453550400)),
	(1, 63.00, FROM_UNIXTIME(1453554000)),
	(2, 63.00, FROM_UNIXTIME(1453554000)),
	(3, 63.00, FROM_UNIXTIME(1453554000)),
	(1, 73.00, FROM_UNIXTIME(1453557600)),
	(2, 73.00, FROM_UNIXTIME(1453557600)),
	(3, 73.00, FROM_UNIXTIME(1453557600)),
	(1, 79.00, FROM_UNIXTIME(1453561200)),
	(2, 79.00, FROM_UNIXTIME(1453561200)),
	(3, 79.00, FROM_UNIXTIME(1453561200)),
	(1, 79.00, FROM_UNIXTIME(1453564800)),
	(2, 79.00, FROM_UNIXTIME(1453564800)),
	(3, 79.00, FROM_UNIXTIME(1453564800)),
	(1, 79.00, FROM_UNIXTIME(1453568400)),
	(2, 79.00, FROM_UNIXTIME(1453568400)),
	(3, 79.00, FROM_UNIXTIME(1453568400)),
	(1, 73.00, FROM_UNIXTIME(1453777200)),
	(2, 73.00, FROM_UNIXTIME(1453777200)),
	(2, 79.00, FROM_UNIXTIME(1453780800)),
	(3, 79.00, FROM_UNIXTIME(1453780800)),
	(1, 73.00, FROM_UNIXTIME(1453784400)),
	(2, 73.00, FROM_UNIXTIME(1453784400)),
	(3, 73.00, FROM_UNIXTIME(1453784400)),
	(1, 73.00, FROM_UNIXTIME(1453788000)),
	(2, 73.00, FROM_UNIXTIME(1453788000)),
	(3, 73.00, FROM_UNIXTIME(1453788000)),
	(1, 67.00, FROM_UNIXTIME(1453791600)),
	(2, 67.00, FROM_UNIXTIME(1453791600)),
	(3, 67.00, FROM_UNIXTIME(1453791600)),
	(1, 62.00, FROM_UNIXTIME(1453795200)),
	(3, 62.00, FROM_UNIXTIME(1453795200)),
	(1, 62.00, FROM_UNIXTIME(1453798800)),
	(2, 62.00, FROM_UNIXTIME(1453798800)),
	(3, 62.00, FROM_UNIXTIME(1453798800)),
	(2, 58.00, FROM_UNIXTIME(1453802400)),
	(3, 58.00, FROM_UNIXTIME(1453802400)),
	(1, 38.00, FROM_UNIXTIME(1453806000)),
	(2, 38.00, FROM_UNIXTIME(1453806000)),
	(3, 38.00, FROM_UNIXTIME(1453806000)),
	(1, 44.00, FROM_UNIXTIME(1453809600)),
	(3, 44.00, FROM_UNIXTIME(1453809600)),
	(3, 42.00, FROM_UNIXTIME(1453863600)),
	(1, 41.00, FROM_UNIXTIME(1453867200)),
	(2, 41.00, FROM_UNIXTIME(1453867200)),
	(2, 33.00, FROM_UNIXTIME(1453870800)),
	(3, 33.00, FROM_UNIXTIME(1453870800)),
	(2, 36.00, FROM_UNIXTIME(1453874400)),
	(2, 41.00, FROM_UNIXTIME(1453878000)),
	(3, 41.00, FROM_UNIXTIME(1453878000)),
	(2, 44.00, FROM_UNIXTIME(1453881600)),
	(3, 44.00, FROM_UNIXTIME(1453881600)),
	(1, 51.00, FROM_UNIXTIME(1453885200)),
	(1, 48.00, FROM_UNIXTIME(1453888800)),
	(1, 55.00, FROM_UNIXTIME(1453892400)),
	(2, 44.00, FROM_UNIXTIME(1453896000)),
	(3, 44.00, FROM_UNIXTIME(1453896000)),
	(1, 41.00, FROM_UNIXTIME(1453899600)),
	(2, 41.00, FROM_UNIXTIME(1453899600)),
	(2, 41.00, FROM_UNIXTIME(1453903200)),
	(3, 41.00, FROM_UNIXTIME(1453903200)),
	(2, 55.00, FROM_UNIXTIME(1453906800)),
	(1, 44.00, FROM_UNIXTIME(1453910400)),
	(2, 44.00, FROM_UNIXTIME(1453910400)),
	(2, 41.00, FROM_UNIXTIME(1453914000)),
	(1, 28.00, FROM_UNIXTIME(1453917600)),
	(1, 31.00, FROM_UNIXTIME(1453921200)),
	(2, 31.00, FROM_UNIXTIME(1453921200)),
	(2, 49.00, FROM_UNIXTIME(1453953600)),
	(2, 49.00, FROM_UNIXTIME(1453957200)),
	(2, 56.00, FROM_UNIXTIME(1453960800)),
	(2, 56.00, FROM_UNIXTIME(1453964400)),
	(1, 49.00, FROM_UNIXTIME(1453968000)),
	(2, 52.00, FROM_UNIXTIME(1453971600)),
	(1, 65.00, FROM_UNIXTIME(1453975200)),
	(2, 65.00, FROM_UNIXTIME(1453978800)),
	(1, 65.00, FROM_UNIXTIME(1453982400)),
	(2, 80.00, FROM_UNIXTIME(1453986000)),
	(3, 74.00, FROM_UNIXTIME(1453989600));
